Category,sum(Profit)
Technology,145388.29659999989
Office Supplies,120632.87839999991
Furniture,19686.42720000003
