Region,sum(Sales),sum(Profit)
West,713471.3445000004,107303.70150000004
East,672194.0539999981,91603.05670000015
Central,497800.8728000007,40150.50299999999
South,388983.58500000037,46650.341000000044
