Sub-Category,sum(Sales)
Phones,329753.0880000001
Chairs,328449.10300000076
Storage,216803.21200000012
Tables,206965.5320000001
Binders,199905.71700000006
Machines,189238.63099999996
Accessories,167380.3180000001
Copiers,149528.02999999994
Bookcases,114879.99629999997
Appliances,107532.161
Furnishings,82752.23000000004
Paper,75356.11799999999
Supplies,45952.47000000001
Art,27118.791999999954
Envelopes,15339.489999999993
Labels,12486.312
Fasteners,3008.6559999999995
